Frame #,BOND,ANGLE,DIHED,UB,IMP,CMAP,VDWAALS,EEL,1-4 VDW,1-4 EEL,EGB,ESURF,DELTA G gas,DELTA G solv,DELTA TOTAL
0,-9.99999999971024e-05,-8.881784197001252e-15,0.0,0.0,0.0,0.0,-48.06429999999999,-123.81050000000067,-3.730349362740526e-14,-1.9895196601282805e-13,129.79409999999982,-6.414610320000002,-171.87490000000096,123.37948967999984,-48.49541032000042
1,-3.9968028886505635e-15,5.329070518200751e-15,9.999999997489795e-05,0.0,0.0,0.0,-48.614300000000014,-120.5583999999995,-0.00010000000000331966,-2.8421709430404007e-13,126.69440000000014,-6.306631199999998,-169.17269999999957,120.3877688,-48.78493119999911
2,-8.881784197001252e-16,-8.881784197001252e-15,0.0,0.0,0.0,0.0,-49.3885,-116.0587000000001,9.999999998022702e-05,5.684341886080802e-14,124.20690000000008,-6.422567759999994,-165.4470999999989,117.78433224000008,-47.66276775999927
3,1.3322676295501878e-15,-3.552713678800501e-15,8.526512829121202e-14,0.0,0.0,0.0,-48.38189999999999,-179.5810999999997,8.881784197001252e-15,-1.4210854715202004e-13,180.0994,-6.912894960000004,-227.96299999999925,173.18650503999996,-54.77649495999947
4,-1.3322676295501878e-15,0.0,2.842170943040401e-14,0.0,0.0,0.0,-49.146499999999975,-107.10560000000027,-1.0658141036401503e-14,1.4210854715202004e-13,119.42790000000002,-6.358312799999994,-156.25210000000018,113.06958719999994,-43.18251280000021
5,-2.6645352591003757e-15,-0.0001000000000015433,0.00010000000000331966,0.0,0.0,0.0,-48.01130000000008,-114.87519999999944,3.907985046680551e-14,9.999999971910256e-05,122.12469999999985,-6.113822399999997,-162.88640000000092,116.01087759999976,-46.875522400000875
6,-1.7763568394002505e-15,5.329070518200751e-15,9.999999997489795e-05,0.0,0.0,0.0,-47.943399999999954,-126.93190000000033,1.9539925233402755e-14,2.8421709430404007e-13,132.66410000000016,-6.4442548800000035,-174.87519999999995,126.21984512000017,-48.655354879999265
7,-2.220446049250313e-15,-8.881784197001252e-15,1.4210854715202004e-14,0.0,0.0,0.0,-47.52600000000003,-116.4233000000005,-0.0001000000000139778,1.7053025658242404e-13,124.31119999999984,-6.099246000000001,-163.94940000000003,118.21195399999999,-45.73744600000049
8,-2.220446049250313e-15,9.999999999088516e-05,4.263256414560601e-14,0.0,0.0,0.0,-49.19459999999995,-107.48439999999977,9.999999997312159e-05,1.9895196601282805e-13,119.85110000000014,-6.38210447999999,-156.67879999999954,113.46899552000014,-43.20980447999983
9,-1.7763568394002505e-15,-9.99999999891088e-05,9.999999996068709e-05,0.0,0.0,0.0,-48.79159999999989,-121.73470000000009,3.019806626980426e-14,-1.9895196601282805e-13,129.67420000000016,-6.470968320000005,-170.5262999999999,123.20323168000019,-47.32306831999989
10,1.3322676295501878e-15,-9.999999999621423e-05,4.263256414560601e-14,0.0,0.0,0.0,-49.19990000000004,-130.20139999999992,-0.0001000000000264123,2.2737367544323206e-13,131.01269999999994,-6.362215199999999,-179.4015000000001,124.65048479999993,-54.751015200000154
11,0.0,8.881784197001252e-15,-5.684341886080802e-14,0.0,0.0,0.0,-49.46440000000002,-126.27260000000001,0.00010000000002108322,-8.526512829121202e-14,126.90810000000005,-6.391516320000006,-175.73690000000002,120.51658368,-55.2203163199996
12,0.00010000000000243148,1.4210854715202004e-14,4.973799150320701e-14,0.0,0.0,0.0,-48.98050000000006,-113.6894000000002,0.00010000000000864873,2.8421709430404007e-13,124.12969999999996,-6.4182628799999994,-162.6696999999997,117.71143711999986,-44.95826288000006
13,-2.6645352591003757e-15,-1.7763568394002505e-15,-0.00010000000001753051,0.0,0.0,0.0,-49.12749999999999,-120.12639999999965,9.999999999443787e-05,-3.126388037344441e-13,127.52460000000002,-6.410293199999997,-169.25390000000024,121.11430679999984,-48.139593200000604
14,0.0,1.7763568394002505e-14,0.0,0.0,0.0,0.0,-47.945499999999974,-121.72739999999999,-3.552713678800501e-15,-2.5579538487363607e-13,127.65180000000015,-6.3751320000000025,-169.67289999999966,121.27666800000006,-48.39623199999954
15,3.1086244689504383e-15,1.0658141036401503e-14,-2.842170943040401e-14,0.0,0.0,0.0,-49.461400000000054,-125.35649999999987,2.842170943040401e-14,-1.4210854715202004e-13,126.08039999999988,-6.429917519999999,-174.81789999999987,119.65048247999994,-55.16741752000013
16,4.440892098500626e-16,-5.329070518200751e-15,-3.552713678800501e-14,0.0,0.0,0.0,-48.649200000000036,-115.77490000000046,1.9539925233402755e-14,0.00010000000008858478,117.64849999999996,-6.356002319999998,-164.42400000000083,111.29249767999988,-53.13150232000072
17,1.3322676295501878e-15,3.552713678800501e-15,2.842170943040401e-14,0.0,0.0,0.0,-48.83560000000001,-122.84180000000055,-1.4210854715202004e-14,-9.999999994647624e-05,127.51969999999989,-6.2828906400000015,-171.67749999999987,121.23680936000002,-50.440690640000525
18,-0.00010000000000331966,-1.9539925233402755e-14,1.4210854715202004e-14,0.0,0.0,0.0,-48.09779999999997,-131.20500000000072,-3.552713678800501e-15,-2.2737367544323206e-13,133.2677000000001,-6.39059832,-179.30290000000105,126.87710168000004,-52.425798320001036
19,-9.999999999799059e-05,1.2434497875801753e-14,-7.105427357601002e-14,0.0,0.0,0.0,-49.167300000000054,-125.93080000000015,2.3092638912203256e-14,1.9895196601282805e-13,126.41320000000019,-6.411201119999996,-175.09819999999942,120.00199888000017,-55.096201119998625
20,-1.7763568394002505e-15,1.4210854715202004e-14,0.00010000000007437393,0.0,0.0,0.0,-48.992799999999995,-124.47709999999995,3.730349362740526e-14,8.526512829121202e-14,125.62669999999997,-6.317377919999994,-173.46979999999925,119.3093220799999,-54.160477920000005
21,9.999999999932285e-05,8.881784197001252e-15,-9.999999997489795e-05,0.0,0.0,0.0,-48.25690000000006,-188.25819999999948,1.0658141036401503e-14,2.8421709430404007e-13,185.70720000000009,-7.011136079999998,-236.515099999999,178.69606391999992,-57.819036079998796
22,1.3322676295501878e-15,-9.999999999621423e-05,0.0,0.0,0.0,0.0,-49.94059999999999,-117.94989999999956,1.2434497875801753e-14,-2.842170943040401e-14,120.54709999999992,-6.297727680000003,-167.89059999999935,114.24937231999988,-53.64122767999993
23,-3.552713678800501e-15,9.999999999976694e-05,-9.947598300641403e-14,0.0,0.0,0.0,-47.76789999999989,-121.84680000000037,1.0658141036401503e-14,2.2737367544323206e-13,127.00070000000005,-6.384809520000002,-169.61460000000034,120.6158904799999,-48.99870952000043
24,-2.220446049250313e-15,-1.2434497875801753e-14,5.684341886080802e-14,0.0,0.0,0.0,-48.25109999999997,-106.01270000000034,9.999999999621423e-05,-5.684341886080802e-14,118.47519999999992,-5.960915279999999,-154.2636999999994,112.51428471999975,-41.74941528000011
25,-3.552713678800501e-15,0.00010000000000509601,6.394884621840902e-14,0.0,0.0,0.0,-48.83220000000006,-117.42780000000005,7.105427357601002e-15,-9.99999998327894e-05,127.63000000000005,-6.451013520000002,-166.26000000000013,121.17898648000005,-45.08101352000034
26,1.3322676295501878e-15,9.999999998733244e-05,2.842170943040401e-14,0.0,0.0,0.0,-48.268399999999964,-114.34870000000029,-9.999999999443787e-05,-2.5579538487363607e-13,123.90569999999997,-6.377315759999998,-162.61710000000076,117.52838423999981,-45.08871576000007
27,-1.7763568394002505e-15,7.105427357601002e-15,5.684341886080802e-14,0.0,0.0,0.0,-48.57600000000004,-110.73199999999946,-5.329070518200751e-15,0.00010000000017384991,123.37239999999997,-6.247413360000005,-159.3078999999997,117.12498663999992,-42.18291335999976
28,0.00010000000000198739,3.552713678800501e-15,-9.999999995358166e-05,0.0,0.0,0.0,-49.4636000000001,-105.9935999999999,2.1316282072803006e-14,-3.126388037344441e-13,117.9966,-6.3734536799999955,-155.4571999999997,111.62314631999988,-43.8340536799991
29,-4.440892098500626e-15,0.0,0.0,0.0,0.0,0.0,-49.12699999999996,-119.98390000000063,0.0,2.2737367544323206e-13,127.43840000000012,-6.407714159999999,-169.11089999999905,121.03068584000019,-48.0802141599998
30,-5.773159728050814e-15,3.552713678800501e-15,-4.263256414560601e-14,0.0,0.0,0.0,-47.641199999999984,-166.3425000000003,-2.4868995751603507e-14,0.00010000000000331966,165.31540000000007,-6.9061103999999975,-213.98359999999948,158.40928960000014,-55.57431039999932
31,0.0001000000000015433,-3.552713678800501e-15,-2.842170943040401e-14,0.0,0.0,0.0,-49.01699999999998,-113.71730000000025,9.999999999799059e-05,-8.526512829121202e-14,124.21319999999992,-6.436341360000003,-162.73410000000032,117.77685863999994,-44.95724136000018
32,6.217248937900877e-15,0.0,-8.526512829121202e-14,0.0,0.0,0.0,-49.52379999999995,-116.1136000000003,2.3092638912203256e-14,-0.00010000000008858478,124.49850000000009,-6.414979680000006,-165.63750000000027,118.08352031999996,-47.55397967999966
33,-8.881784197001252e-16,-5.329070518200751e-15,-1.4210854715202004e-14,0.0,0.0,0.0,-48.061699999999966,-119.03470000000067,3.552713678800501e-15,-9.999999988963282e-05,125.94509999999985,-6.388404480000004,-167.0965000000011,119.55669551999989,-47.539804480001635
34,-4.884981308350689e-15,0.0,-5.684341886080802e-14,0.0,0.0,0.0,-48.14999999999999,-107.7486999999993,2.1316282072803006e-14,-9.999999991805453e-05,120.33330000000007,-6.105648240000001,-155.8987999999992,114.22765176000004,-41.67114823999873
35,1.3322676295501878e-15,0.0001000000000015433,-0.00010000000001753051,0.0,0.0,0.0,-47.94609999999997,-119.36659999999995,5.5067062021407764e-14,0.00010000000008858478,121.47559999999999,-6.45452136,-167.312599999999,115.02107864000001,-52.29152135999857
36,8.881784197001252e-16,-5.329070518200751e-15,-7.105427357601002e-14,0.0,0.0,0.0,-52.68849999999993,-149.40330000000017,-2.4868995751603507e-14,-0.0001000000001454282,161.47230000000002,-7.045095600000004,-202.09190000000018,154.42720439999988,-47.66469560000007
37,0.0001000000000055401,1.2434497875801753e-14,-0.00010000000000331966,0.0,0.0,0.0,-47.82150000000005,-130.5301000000003,-3.375077994860476e-14,9.999999994647624e-05,134.68549999999993,-6.482030400000003,-178.35150000000036,128.2034695999999,-50.14803039999998
38,9.999999999932285e-05,1.7763568394002505e-14,8.526512829121202e-14,0.0,0.0,0.0,-50.740599999999986,-119.3308999999997,1.9539925233402755e-14,-2.8421709430404007e-13,123.50389999999993,-6.429823920000001,-170.0713999999998,117.07407607999994,-52.997323919999644
39,-4.440892098500626e-16,7.105427357601002e-15,1.4210854715202004e-14,0.0,0.0,0.0,-47.136899999999926,-127.50530000000026,3.375077994860476e-14,0.00010000000000331966,130.67460000000017,-6.380124480000004,-174.64210000000028,124.2944755200001,-50.34762448000038
40,0.0,-9.999999999088516e-05,-2.842170943040401e-14,0.0,0.0,0.0,-47.568500000000014,-115.96129999999977,1.0658141036401503e-14,9.99999998327894e-05,123.74320000000006,-6.11665056,-163.52979999999965,117.62654944000013,-45.90325055999995
41,3.9968028886505635e-15,-5.329070518200751e-15,9.999999996068709e-05,0.0,0.0,0.0,-49.447000000000024,-95.17050000000046,9.999999998377973e-05,0.00010000000025911504,99.42570000000012,-6.411702240000002,-144.61720000000014,93.01399776000008,-51.60320223999918
42,-1.3322676295501878e-15,-3.552713678800501e-15,1.4210854715202004e-14,0.0,0.0,0.0,-48.49360000000003,-130.20109999999949,-0.0001000000000139778,8.526512829121202e-14,132.642,-6.424489440000005,-178.69479999999905,126.21751056000011,-52.47728943999823
43,3.1086244689504383e-15,-1.5987211554602254e-14,-0.00010000000006016307,0.0,0.0,0.0,-48.81739999999996,-117.34539999999947,8.881784197001252e-15,-0.00010000000003174137,127.53660000000013,-6.444925200000003,-166.16300000000024,121.09167479999996,-45.071325200000274
44,3.1086244689504383e-15,-0.00010000000000331966,1.4210854715202004e-14,0.0,0.0,0.0,-49.119099999999946,-114.3715000000002,-0.00010000000001042508,-9.999999971910256e-05,124.88670000000002,-6.432287759999997,-163.49089999999907,118.45441224000012,-45.03648775999966
45,-4.884981308350689e-15,-7.105427357601002e-15,-4.263256414560601e-14,0.0,0.0,0.0,-49.22749999999994,-130.26049999999975,-1.7763568394002505e-15,-2.842170943040401e-14,130.94940000000003,-6.403777200000001,-179.48799999999986,124.54562280000005,-54.94237719999984
46,0.00010000000000065512,-3.552713678800501e-15,-7.105427357601002e-14,0.0,0.0,0.0,-48.98369999999997,-128.03889999999978,1.7763568394002505e-15,2.5579538487363607e-13,128.29919999999993,-6.414690960000007,-177.02250000000006,121.88450903999984,-55.13799095999974
47,-2.220446049250313e-15,0.00010000000000331966,2.842170943040401e-14,0.0,0.0,0.0,-49.20260000000002,-121.74450000000019,0.00010000000001930687,8.526512829121202e-14,131.3585000000001,-6.587974800000007,-170.94690000000006,124.7705252000001,-46.17637479999951
48,-2.220446049250313e-15,9.999999999621423e-05,-9.999999998200337e-05,0.0,0.0,0.0,-50.41550000000005,-108.96580000000006,-3.730349362740526e-14,1.9895196601282805e-13,122.62339999999989,-6.352984800000003,-159.38130000000038,116.27041519999995,-43.110884800001145
49,-1.3322676295501878e-15,0.0,0.0,0.0,0.0,0.0,-48.046899999999944,-106.74689999999953,2.4868995751603507e-14,-2.842170943040401e-14,119.36049999999994,-6.050442959999989,-154.79379999999904,113.31005704000006,-41.48374295999923
